{
    "Main PLC": {
      "timestamp": "2024-11-14T16:20:43.905712",
      "data": {
        "MODBUS ADDRESS 40004": 29248,
        "MODBUS ADDRESS 40005": 192,
        "MODBUS ADDRESS 40013": 4039,
        "MODBUS ADDRESS 40015": 2697,
        "MODBUS ADDRESS 40017": 2583,
        "MODBUS ADDRESS 40019": 2702,
        "MODBUS ADDRESS 40021": 3564,
        "MODBUS ADDRESS 40023": 2694,
        "MODBUS ADDRESS 40025": 2564,
        "MODBUS ADDRESS 40027": 64736,
        "MODBUS ADDRESS 40029": 3774,
        "MODBUS ADDRESS 40031": 3711,
        "MODBUS ADDRESS 40033": 3716,
        "MODBUS ADDRESS 40035": 3731,
        "MODBUS ADDRESS 40037": 3721,
        "MODBUS ADDRESS 40039": 3757,
        "MODBUS ADDRESS 40041": 3728,
        "MODBUS ADDRESS 40043": 3753,
        "MODBUS ADDRESS 40045": 3715,
        "MODBUS ADDRESS 40047": 3757,
        "MODBUS ADDRESS 40049": 3801,
        "MODBUS ADDRESS 40051": 3804,
        "MODBUS ADDRESS 40053": 3813,
        "MODBUS ADDRESS 40055": 3744,
        "MODBUS ADDRESS 40057": 3724,
        "MODBUS ADDRESS 40059": 3669,
        "MODBUS ADDRESS 40061": 3790,
        "MODBUS ADDRESS 40063": 10800,
        "MODBUS ADDRESS 40065": 3776,
        "MODBUS ADDRESS 40067": 3764,
        "MODBUS ADDRESS 40069": 3923,
        "MODBUS ADDRESS 40071": 8897,
        "MODBUS ADDRESS 40073": 849,
        "MODBUS ADDRESS 40075": 8282,
        "MODBUS ADDRESS 40077": 697,
        "MODBUS ADDRESS 40079": 64736,
        "MODBUS ADDRESS 40081": 552,
        "MODBUS ADDRESS 40083": 64736,
        "MODBUS ADDRESS 40085": 64736,
        "MODBUS ADDRESS 40087": 64736,
        "MODBUS ADDRESS 40089": 64736,
        "MODBUS ADDRESS 40091": 64736,
        "MODBUS ADDRESS 40094": 16886,
        "MODBUS ADDRESS 40095": 38168,
        "MODBUS ADDRESS 40096": 16468,
        "MODBUS ADDRESS 40098": 16337,
        "MODBUS ADDRESS 40099": 16462,
        "MODBUS ADDRESS 40100": 16468,
        "MODBUS ADDRESS 40101": 5244,
        "MODBUS ADDRESS 40102": 16810,
        "MODBUS ADDRESS 40103": 43306,
        "MODBUS ADDRESS 40104": 16469,
        "MODBUS ADDRESS 40105": 41952,
        "MODBUS ADDRESS 40106": 16281,
        "MODBUS ADDRESS 40109": 34080,
        "MODBUS ADDRESS 40110": 16844,
        "MODBUS ADDRESS 40111": 5244,
        "MODBUS ADDRESS 40112": 16833,
        "MODBUS ADDRESS 40113": 5244,
        "MODBUS ADDRESS 40114": 16834,
        "MODBUS ADDRESS 40115": 18352,
        "MODBUS ADDRESS 40116": 16836,
        "MODBUS ADDRESS 40117": 36700,
        "MODBUS ADDRESS 40118": 16836,
        "MODBUS ADDRESS 40119": 28836,
        "MODBUS ADDRESS 40120": 16833,
        "MODBUS ADDRESS 40121": 20972,
        "MODBUS ADDRESS 40122": 16840,
        "MODBUS ADDRESS 40123": 44564,
        "MODBUS ADDRESS 40124": 16850,
        "MODBUS ADDRESS 40125": 13108,
        "MODBUS ADDRESS 40126": 16849,
        "MODBUS ADDRESS 40127": 0,
        "MODBUS ADDRESS 40128": 16849,
        "MODBUS ADDRESS 40129": 34080,
        "MODBUS ADDRESS 40130": 16839,
        "MODBUS ADDRESS 40131": 10484,
        "MODBUS ADDRESS 40132": 16835,
        "MODBUS ADDRESS 40133": 13108,
        "MODBUS ADDRESS 40134": 16827,
        "MODBUS ADDRESS 40135": 5244,
        "MODBUS ADDRESS 40136": 16847,
        "MODBUS ADDRESS 40138": 17174,
        "MODBUS ADDRESS 40139": 0,
        "MODBUS ADDRESS 40140": 16843,
        "MODBUS ADDRESS 40141": 15728,
        "MODBUS ADDRESS 40142": 16842,
        "MODBUS ADDRESS 40143": 23592,
        "MODBUS ADDRESS 40144": 16867,
        "MODBUS ADDRESS 40145": 61604,
        "MODBUS ADDRESS 40146": 17075,
        "MODBUS ADDRESS 40147": 49152,
        "MODBUS ADDRESS 40148": 17492,
        "MODBUS ADDRESS 40149": 13107,
        "MODBUS ADDRESS 40150": 17063,
        "MODBUS ADDRESS 40152": 17453,
        "MODBUS ADDRESS 40155": 49152,
        "MODBUS ADDRESS 40156": 17417,
        "MODBUS ADDRESS 40158": 49736,
        "MODBUS ADDRESS 40160": 17174,
        "MODBUS ADDRESS 40162": 49024,
        "MODBUS ADDRESS 40164": 16752,
        "MODBUS ADDRESS 40166": 17174,
        "MODBUS ADDRESS 40168": 49736,
        "MODBUS ADDRESS 40170": 49024,
        "MODBUS ADDRESS 40172": 16752,
        "MODBUS ADDRESS 40174": 49736,
        "MODBUS ADDRESS 40176": 17174,
        "MODBUS ADDRESS 40178": 49024,
        "MODBUS ADDRESS 40180": 16752,
        "MODBUS ADDRESS 40182": 49736,
        "MODBUS ADDRESS 40184": 17174,
        "MODBUS ADDRESS 40190": 49736,
        "MODBUS ADDRESS 40192": 17174,
        "MODBUS ADDRESS 40194": 49736,
        "MODBUS ADDRESS 40196": 17174,
        "MODBUS ADDRESS 40198": 49736,
        "MODBUS ADDRESS 40200": 17174,
        "MODBUS ADDRESS 40202": 49736,
        "MODBUS ADDRESS 40204": 17174,
        "MODBUS ADDRESS 40206": 49736,
        "MODBUS ADDRESS 40208": 17174,
        "MODBUS ADDRESS 40210": 49736,
        "MODBUS ADDRESS 40212": 17174,
        "MODBUS ADDRESS 40214": 49736,
        "MODBUS ADDRESS 40216": 17174,
        "MODBUS ADDRESS 40218": 49736,
        "MODBUS ADDRESS 40220": 17174,
        "MODBUS ADDRESS 40222": 49736,
        "MODBUS ADDRESS 40224": 17174,
        "MODBUS ADDRESS 40226": 49736,
        "MODBUS ADDRESS 40228": 17174,
        "MODBUS ADDRESS 40230": 49736,
        "MODBUS ADDRESS 40232": 17174,
        "MODBUS ADDRESS 40234": 49736,
        "MODBUS ADDRESS 40238": 17174,
        "MODBUS ADDRESS 40240": 49736,
        "MODBUS ADDRESS 40242": 17174,
        "MODBUS ADDRESS 40244": 49736,
        "MODBUS ADDRESS 40246": 17174,
        "MODBUS ADDRESS 40248": 49736,
        "MODBUS ADDRESS 40250": 17174,
        "MODBUS ADDRESS 40252": 49736,
        "MODBUS ADDRESS 40254": 17174,
        "MODBUS ADDRESS 40256": 49736,
        "MODBUS ADDRESS 40258": 17174,
        "MODBUS ADDRESS 40260": 49736,
        "MODBUS ADDRESS 40262": 17174,
        "MODBUS ADDRESS 40266": 17096,
        "MODBUS ADDRESS 40269": 16384,
        "MODBUS ADDRESS 40270": 17948,
        "MODBUS ADDRESS 40274": 17096,
        "MODBUS ADDRESS 40277": 16384,
        "MODBUS ADDRESS 40278": 17948,
        "MODBUS ADDRESS 40282": 17096,
        "MODBUS ADDRESS 40285": 16384,
        "MODBUS ADDRESS 40286": 17948,
        "MODBUS ADDRESS 40353": 20972,
        "MODBUS ADDRESS 40354": 16835,
        "MODBUS ADDRESS 40356": 49736,
        "MODBUS ADDRESS 40358": 17174,
        "MODBUS ADDRESS 40359": 15728,
        "MODBUS ADDRESS 40360": 16842,
        "MODBUS ADDRESS 40384": 49736,
        "MODBUS ADDRESS 40386": 17174,
        "MODBUS ADDRESS 40388": 49736,
        "MODBUS ADDRESS 40390": 17174,
        "MODBUS ADDRESS 40391": 55052,
        "MODBUS ADDRESS 40392": 16839,
        "MODBUS ADDRESS 40393": 2,
        "MODBUS ADDRESS 40446": 17184,
        "MODBUS ADDRESS 40450": 16544,
        "MODBUS ADDRESS 40452": 17206,
        "MODBUS ADDRESS 40456": 16544,
        "MODBUS ADDRESS 40457": 6444,
        "MODBUS ADDRESS 40461": 555,
        "MODBUS ADDRESS 40463": 158,
        "MODBUS ADDRESS 40465": 211,
        "MODBUS ADDRESS 40469": 1400,
        "MODBUS ADDRESS 40515": 46183,
        "MODBUS ADDRESS 40516": 17311,
        "MODBUS ADDRESS 40517": 3018,
        "MODBUS ADDRESS 40518": 17340,
        "MODBUS ADDRESS 40519": 8229,
        "MODBUS ADDRESS 40520": 17110,
        "MODBUS ADDRESS 40659": 5,
        "MODBUS ADDRESS 40661": 3,
        "MODBUS ADDRESS 40663": 6,
        "MODBUS ADDRESS 40665": 7,
        "MODBUS ADDRESS 40667": 8,
        "MODBUS ADDRESS 40674": 12,
        "MODBUS ADDRESS 40675": 10,
        "MODBUS ADDRESS 40678": 14,
        "MODBUS ADDRESS 40680": 20,
        "MODBUS ADDRESS 40682": 16
      }
    }
}